Chrom	Position	Variant	Reference	A_count	C_count	T_count	G_count	Del_count	Insert_count
chr1	91680543	T	A	0	0	10	0	0	0
chr1	151247835	A	T	11	0	0	0	0	0
chr1	223755652	C	G	0	38	0	0	1	0
chr2	61492319	G	A	0	0	0	10	0	0
chr4	40786882	G	A	1	0	0	51	1	1
chr4	41257020	A	G	777	0	1	27	10	0
chr4	94587970	G	C	0	0	0	13	0	0
chr4	141224594	G	T	0	0	0	11	0	0
chr5	178150877	C	G	0	12	0	0	0	0
chr5	179851993	A	T	12	0	0	0	0	0
chr7	6402314	T	A	0	0	21	0	0	0
chr7	131661911	T	G	1	0	151	0	1	0
chr7	134537578	T	A	0	0	18	0	0	0
chr8	100162975	A	T	14	0	0	0	0	0
chr10	91806309	C	A	0	12	0	0	0	0
chr10	118335243	T	A	0	0	11	0	0	0
chr10	123160401	G	T	0	0	0	78	0	0
chr11	47931194	G	C	0	0	0	47	0	0
chr11	93535884	G	C	0	0	0	10	0	0
chr11	112154966	C	T	0	29	0	0	0	0
chr11	112154974	G	C	0	0	1	28	0	0
chr12	27802645	T	A	0	0	11	0	0	0
chr12	48671795	C	T	0	20	0	0	0	0
chr12	55410027	T	A	0	0	28	0	0	0
chr12	120189535	T	G	0	0	17	0	0	0
chr14	49665105	C	A	0	10	0	0	0	0
chr14	90766787	G	C	0	0	0	11	0	0
chr15	69459580	A	C	37	0	0	0	0	0
chr17	1857623	C	T	0	11	0	0	0	0
chr18	26546244	G	T	0	0	0	17	0	0
chr19	10491905	A	C	23	1	0	0	0	0
chr19	12720877	T	A	0	0	11	0	0	0
chr19	38379239	A	G	10	0	0	0	0	0
chr19	49719434	C	T	0	10	0	0	0	0
chr22	21628248	T	C	0	3	64	0	0	1
chrX	24788358	T	G	2	1	243	0	7	0
